Code du Département;Date;Nb actuellement hospitalisés;Nb actuellement en soins intensifs;Total retour à domicile;Total Décès;Code région;Code ISO 3166 de la zone;Nom région;Nom Département;Sexe;Geo Point;Nb Quotidien Admis Hospitalisation;Nb Quotidien Admis Réanimation;Nb Quotidien Décès;Nb Quotidien Retour à Domicile
56;2020-03-21;28;3;16;5;53;FRA;Bretagne;Morbihan;Femme;47.8441455862,-2.8088066223;;;;
29;2020-03-24;10;0;9;1;53;FRA;Bretagne;Finistère;Femme;48.2628706879,-4.05692098846;;;;
29;2020-03-25;33;9;17;5;53;FRA;Bretagne;Finistère;Tous;48.2628706879,-4.05692098846;10;4;0;3
56;2020-03-25;44;12;24;12;53;FRA;Bretagne;Morbihan;Homme;47.8441455862,-2.8088066223;;;;
22;2020-03-27;32;5;3;1;53;FRA;Bretagne;Côtes-d'Armor;Tous;48.4390612443,-2.86206319142;10;1;0;0
35;2020-03-28;65;16;40;5;53;FRA;Bretagne;Ille-et-Vilaine;Tous;48.1584949366,-1.63554809717;19;5;2;3
22;2020-03-29;36;5;8;3;53;FRA;Bretagne;Côtes-d'Armor;Tous;48.4390612443,-2.86206319142;5;1;1;2
22;2020-03-29;13;3;4;3;53;FRA;Bretagne;Côtes-d'Armor;Homme;48.4390612443,-2.86206319142;;;;
56;2020-03-29;32;2;41;12;53;FRA;Bretagne;Morbihan;Femme;47.8441455862,-2.8088066223;;;;
35;2020-04-04;83;30;51;10;53;FRA;Bretagne;Ille-et-Vilaine;Homme;48.1584949366,-1.63554809717;;;;
35;2020-04-06;156;49;88;20;53;FRA;Bretagne;Ille-et-Vilaine;Tous;48.1584949366,-1.63554809717;16;2;3;5
22;2020-04-08;66;13;45;14;53;FRA;Bretagne;Côtes-d'Armor;Tous;48.4390612443,-2.86206319142;2;0;1;3
56;2020-04-11;81;32;104;35;53;FRA;Bretagne;Morbihan;Homme;47.8441455862,-2.8088066223;;;;
22;2020-04-16;35;2;42;9;53;FRA;Bretagne;Côtes-d'Armor;Femme;48.4390612443,-2.86206319142;;;;
35;2020-04-16;85;11;70;20;53;FRA;Bretagne;Ille-et-Vilaine;Femme;48.1584949366,-1.63554809717;;;;
56;2020-04-17;45;4;102;27;53;FRA;Bretagne;Morbihan;Femme;47.8441455862,-2.8088066223;;;;
22;2020-04-19;31;5;45;14;53;FRA;Bretagne;Côtes-d'Armor;Homme;48.4390612443,-2.86206319142;;;;
29;2020-04-22;46;16;70;19;53;FRA;Bretagne;Finistère;Homme;48.2628706879,-4.05692098846;;;;
35;2020-04-24;93;11;144;34;53;FRA;Bretagne;Ille-et-Vilaine;Homme;48.1584949366,-1.63554809717;;;;
22;2020-04-27;52;6;122;24;53;FRA;Bretagne;Côtes-d'Armor;Tous;48.4390612443,-2.86206319142;2;0;0;0
29;2020-04-30;29;5;52;14;53;FRA;Bretagne;Finistère;Femme;48.2628706879,-4.05692098846;;;;
35;2020-04-30;90;11;160;36;53;FRA;Bretagne;Ille-et-Vilaine;Homme;48.1584949366,-1.63554809717;;;;
22;2020-03-18;1;1;1;0;53;FRA;Bretagne;Côtes-d'Armor;Homme;48.4390612443,-2.86206319142;;;;
22;2020-04-20;34;2;45;9;53;FRA;Bretagne;Côtes-d'Armor;Femme;48.4390612443,-2.86206319142;;;;
29;2020-04-20;97;25;108;31;53;FRA;Bretagne;Finistère;Tous;48.2628706879,-4.05692098846;0;0;1;3
22;2020-04-24;25;4;57;15;53;FRA;Bretagne;Côtes-d'Armor;Homme;48.4390612443,-2.86206319142;;;;
22;2020-04-25;52;6;121;24;53;FRA;Bretagne;Côtes-d'Armor;Tous;48.4390612443,-2.86206319142;4;0;0;6
56;2020-04-25;69;14;148;47;53;FRA;Bretagne;Morbihan;Homme;47.8441455862,-2.8088066223;;;;
22;2020-03-24;11;2;3;1;53;FRA;Bretagne;Côtes-d'Armor;Tous;48.4390612443,-2.86206319142;4;2;0;0
56;2020-03-24;41;12;19;10;53;FRA;Bretagne;Morbihan;Homme;47.8441455862,-2.8088066223;;;;
22;2020-03-25;15;2;3;1;53;FRA;Bretagne;Côtes-d'Armor;Tous;48.4390612443,-2.86206319142;6;0;0;0
35;2020-03-25;13;2;13;0;53;FRA;Bretagne;Ille-et-Vilaine;Femme;48.1584949366,-1.63554809717;;;;
29;2020-03-27;41;9;23;5;53;FRA;Bretagne;Finistère;Tous;48.2628706879,-4.05692098846;5;1;0;3
56;2020-04-01;76;27;40;19;53;FRA;Bretagne;Morbihan;Homme;47.8441455862,-2.8088066223;;;;
35;2020-04-06;94;35;56;12;53;FRA;Bretagne;Ille-et-Vilaine;Homme;48.1584949366,-1.63554809717;;;;
56;2020-04-06;56;4;62;20;53;FRA;Bretagne;Morbihan;Femme;47.8441455862,-2.8088066223;;;;
35;2020-04-14;190;36;152;44;53;FRA;Bretagne;Ille-et-Vilaine;Tous;48.1584949366,-1.63554809717;18;1;4;8
56;2020-04-15;73;27;117;41;53;FRA;Bretagne;Morbihan;Homme;47.8441455862,-2.8088066223;;;;
22;2020-04-19;65;7;90;23;53;FRA;Bretagne;Côtes-d'Armor;Tous;48.4390612443,-2.86206319142;1;0;0;5
56;2020-03-18;39;14;63;7;53;FRA;Bretagne;Morbihan;Tous;47.8441455862,-2.8088066223;;;;
56;2020-04-29;73;13;155;48;53;FRA;Bretagne;Morbihan;Homme;47.8441455862,-2.8088066223;;;;
29;2020-03-18;8;4;2;0;53;FRA;Bretagne;Finistère;Homme;48.2628706879,-4.05692098846;;;;
22;2020-05-03;23;2;67;16;53;FRA;Bretagne;Côtes-d'Armor;Homme;48.4390612443,-2.86206319142;;;;
22;2020-05-05;51;3;143;26;53;FRA;Bretagne;Côtes-d'Armor;Tous;48.4390612443,-2.86206319142;3;0;0;3
22;2020-03-24;7;1;2;0;53;FRA;Bretagne;Côtes-d'Armor;Femme;48.4390612443,-2.86206319142;;;;
29;2020-03-26;27;7;8;4;53;FRA;Bretagne;Finistère;Homme;48.2628706879,-4.05692098846;;;;
35;2020-03-27;21;3;15;0;53;FRA;Bretagne;Ille-et-Vilaine;Femme;48.1584949366,-1.63554809717;;;;
22;2020-03-31;15;3;4;3;53;FRA;Bretagne;Côtes-d'Armor;Homme;48.4390612443,-2.86206319142;;;;
22;2020-04-02;32;11;7;5;53;FRA;Bretagne;Côtes-d'Armor;Homme;48.4390612443,-2.86206319142;;;;
56;2020-04-03;143;29;98;37;53;FRA;Bretagne;Morbihan;Tous;47.8441455862,-2.8088066223;13;6;2;4
22;2020-04-09;64;12;49;16;53;FRA;Bretagne;Côtes-d'Armor;Tous;48.4390612443,-2.86206319142;6;1;2;4
35;2020-04-09;173;48;117;27;53;FRA;Bretagne;Ille-et-Vilaine;Tous;48.1584949366,-1.63554809717;13;2;0;4
56;2020-04-10;82;30;95;33;53;FRA;Bretagne;Morbihan;Homme;47.8441455862,-2.8088066223;;;;
22;2020-04-14;77;10;66;21;53;FRA;Bretagne;Côtes-d'Armor;Tous;48.4390612443,-2.86206319142;9;0;1;4
56;2020-04-15;118;31;215;69;53;FRA;Bretagne;Morbihan;Tous;47.8441455862,-2.8088066223;3;0;4;9
35;2020-04-17;79;7;79;21;53;FRA;Bretagne;Ille-et-Vilaine;Femme;48.1584949366,-1.63554809717;;;;
22;2020-04-18;36;2;44;9;53;FRA;Bretagne;Côtes-d'Armor;Femme;48.4390612443,-2.86206319142;;;;
35;2020-04-23;70;5;96;32;53;FRA;Bretagne;Ille-et-Vilaine;Femme;48.1584949366,-1.63554809717;;;;
29;2020-04-25;76;18;122;35;53;FRA;Bretagne;Finistère;Tous;48.2628706879,-4.05692098846;1;0;1;1
35;2020-04-26;64;5;108;32;53;FRA;Bretagne;Ille-et-Vilaine;Femme;48.1584949366,-1.63554809717;;;;
22;2020-04-28;23;4;62;15;53;FRA;Bretagne;Côtes-d'Armor;Homme;48.4390612443,-2.86206319142;;;;
56;2020-03-21;62;11;28;12;53;FRA;Bretagne;Morbihan;Tous;47.8441455862,-2.8088066223;24;4;3;1
35;2020-03-22;27;13;18;1;53;FRA;Bretagne;Ille-et-Vilaine;Tous;48.1584949366,-1.63554809717;4;3;0;0
35;2020-03-24;9;2;13;0;53;FRA;Bretagne;Ille-et-Vilaine;Femme;48.1584949366,-1.63554809717;;;;
56;2020-03-26;29;1;31;8;53;FRA;Bretagne;Morbihan;Femme;47.8441455862,-2.8088066223;;;;
22;2020-04-01;24;2;8;2;53;FRA;Bretagne;Côtes-d'Armor;Femme;48.4390612443,-2.86206319142;;;;
29;2020-04-02;66;27;48;7;53;FRA;Bretagne;Finistère;Tous;48.2628706879,-4.05692098846;7;3;0;8
29;2020-04-03;48;26;26;4;53;FRA;Bretagne;Finistère;Homme;48.2628706879,-4.05692098846;;;;
35;2020-04-04;131;38;82;17;53;FRA;Bretagne;Ille-et-Vilaine;Tous;48.1584949366,-1.63554809717;13;3;1;10
56;2020-04-06;147;35;119;48;53;FRA;Bretagne;Morbihan;Tous;47.8441455862,-2.8088066223;10;1;3;6
56;2020-04-10;57;4;80;23;53;FRA;Bretagne;Morbihan;Femme;47.8441455862,-2.8088066223;;;;
22;2020-04-11;33;3;32;8;53;FRA;Bretagne;Côtes-d'Armor;Femme;48.4390612443,-2.86206319142;;;;
29;2020-04-12;123;38;82;13;53;FRA;Bretagne;Finistère;Tous;48.2628706879,-4.05692098846;7;1;0;1
56;2020-04-14;78;30;112;39;53;FRA;Bretagne;Morbihan;Homme;47.8441455862,-2.8088066223;;;;
35;2020-04-15;108;21;98;29;53;FRA;Bretagne;Ille-et-Vilaine;Homme;48.1584949366,-1.63554809717;;;;
29;2020-04-17;101;29;102;26;53;FRA;Bretagne;Finistère;Tous;48.2628706879,-4.05692098846;1;0;2;5
22;2020-04-19;34;2;45;9;53;FRA;Bretagne;Côtes-d'Armor;Femme;48.4390612443,-2.86206319142;;;;
22;2020-04-22;58;6;104;24;53;FRA;Bretagne;Côtes-d'Armor;Tous;48.4390612443,-2.86206319142;2;0;0;3
22;2020-04-23;27;2;58;9;53;FRA;Bretagne;Côtes-d'Armor;Femme;48.4390612443,-2.86206319142;;;;
56;2020-04-24;132;17;260;75;53;FRA;Bretagne;Morbihan;Tous;47.8441455862,-2.8088066223;14;0;0;7
29;2020-04-26;75;17;122;36;53;FRA;Bretagne;Finistère;Tous;48.2628706879,-4.05692098846;0;0;1;0
29;2020-04-27;31;6;50;13;53;FRA;Bretagne;Finistère;Femme;48.2628706879,-4.05692098846;;;;
29;2020-04-29;64;14;128;37;53;FRA;Bretagne;Finistère;Tous;48.2628706879,-4.05692098846;0;0;0;2
35;2020-04-29;59;4;116;34;53;FRA;Bretagne;Ille-et-Vilaine;Femme;48.1584949366,-1.63554809717;;;;
56;2020-04-30;56;2;128;31;53;FRA;Bretagne;Morbihan;Femme;47.8441455862,-2.8088066223;;;;
56;2020-03-18;22;10;28;5;53;FRA;Bretagne;Morbihan;Homme;47.8441455862,-2.8088066223;;;;
56;2020-03-19;26;9;22;5;53;FRA;Bretagne;Morbihan;Homme;47.8441455862,-2.8088066223;;;;
22;2020-03-22;7;1;3;1;53;FRA;Bretagne;Côtes-d'Armor;Tous;48.4390612443,-2.86206319142;0;0;0;0
56;2020-03-23;42;11;16;10;53;FRA;Bretagne;Morbihan;Homme;47.8441455862,-2.8088066223;;;;
56;2020-03-31;117;30;81;30;53;FRA;Bretagne;Morbihan;Tous;47.8441455862,-2.8088066223;13;3;1;4
29;2020-04-09;41;9;34;4;53;FRA;Bretagne;Finistère;Femme;48.2628706879,-4.05692098846;;;;
22;2020-04-13;74;11;62;20;53;FRA;Bretagne;Côtes-d'Armor;Tous;48.4390612443,-2.86206319142;2;0;0;1
35;2020-04-13;184;35;144;40;53;FRA;Bretagne;Ille-et-Vilaine;Tous;48.1584949366,-1.63554809717;6;1;1;4
56;2020-04-16;115;30;221;71;53;FRA;Bretagne;Morbihan;Tous;47.8441455862,-2.8088066223;5;0;3;6
22;2020-04-18;70;7;85;23;53;FRA;Bretagne;Côtes-d'Armor;Tous;48.4390612443,-2.86206319142;1;0;0;3
22;2020-04-18;34;5;41;14;53;FRA;Bretagne;Côtes-d'Armor;Homme;48.4390612443,-2.86206319142;;;;
56;2020-04-18;46;4;106;27;53;FRA;Bretagne;Morbihan;Femme;47.8441455862,-2.8088066223;;;;
29;2020-04-19;41;7;44;10;53;FRA;Bretagne;Finistère;Femme;48.2628706879,-4.05692098846;;;;
56;2020-04-20;49;4;107;28;53;FRA;Bretagne;Morbihan;Femme;47.8441455862,-2.8088066223;;;;
35;2020-04-22;71;7;93;30;53;FRA;Bretagne;Ille-et-Vilaine;Femme;48.1584949366,-1.63554809717;;;;
29;2020-04-25;45;12;71;21;53;FRA;Bretagne;Finistère;Homme;48.2628706879,-4.05692098846;;;;
22;2020-03-21;7;1;3;1;53;FRA;Bretagne;Côtes-d'Armor;Tous;48.4390612443,-2.86206319142;2;1;0;0
22;2020-03-23;6;0;2;0;53;FRA;Bretagne;Côtes-d'Armor;Femme;48.4390612443,-2.86206319142;;;;
56;2020-03-28;93;25;74;25;53;FRA;Bretagne;Morbihan;Tous;47.8441455862,-2.8088066223;14;6;0;7
35;2020-04-02;86;30;41;8;53;FRA;Bretagne;Ille-et-Vilaine;Homme;48.1584949366,-1.63554809717;;;;
56;2020-04-02;84;26;43;20;53;FRA;Bretagne;Morbihan;Homme;47.8441455862,-2.8088066223;;;;
56;2020-04-02;54;4;52;15;53;FRA;Bretagne;Morbihan;Femme;47.8441455862,-2.8088066223;;;;
35;2020-04-03;43;7;29;6;53;FRA;Bretagne;Ille-et-Vilaine;Femme;48.1584949366,-1.63554809717;;;;
56;2020-04-04;78;21;52;24;53;FRA;Bretagne;Morbihan;Homme;47.8441455862,-2.8088066223;;;;
56;2020-04-04;58;3;58;16;53;FRA;Bretagne;Morbihan;Femme;47.8441455862,-2.8088066223;;;;
29;2020-04-10;70;32;41;7;53;FRA;Bretagne;Finistère;Homme;48.2628706879,-4.05692098846;;;;
56;2020-04-12;132;34;197;60;53;FRA;Bretagne;Morbihan;Tous;47.8441455862,-2.8088066223;7;2;1;4
29;2020-04-13;121;37;84;16;53;FRA;Bretagne;Finistère;Tous;48.2628706879,-4.05692098846;3;1;3;2
22;2020-04-14;38;3;36;9;53;FRA;Bretagne;Côtes-d'Armor;Femme;48.4390612443,-2.86206319142;;;;
56;2020-04-18;116;26;235;72;53;FRA;Bretagne;Morbihan;Tous;47.8441455862,-2.8088066223;11;1;1;11
22;2020-05-05;27;1;73;10;53;FRA;Bretagne;Côtes-d'Armor;Femme;48.4390612443,-2.86206319142;;;;
56;2020-04-30;71;12;158;49;53;FRA;Bretagne;Morbihan;Homme;47.8441455862,-2.8088066223;;;;
35;2020-05-02;57;4;121;35;53;FRA;Bretagne;Ille-et-Vilaine;Femme;48.1584949366,-1.63554809717;;;;
56;2020-05-04;120;15;301;83;53;FRA;Bretagne;Morbihan;Tous;47.8441455862,-2.8088066223;2;2;1;3
35;2020-04-21;93;17;134;33;53;FRA;Bretagne;Ille-et-Vilaine;Homme;48.1584949366,-1.63554809717;;;;
56;2020-04-21;67;19;134;46;53;FRA;Bretagne;Morbihan;Homme;47.8441455862,-2.8088066223;;;;
35;2020-04-22;97;16;136;33;53;FRA;Bretagne;Ille-et-Vilaine;Homme;48.1584949366,-1.63554809717;;;;
29;2020-04-23;79;20;121;34;53;FRA;Bretagne;Finistère;Tous;48.2628706879,-4.05692098846;3;0;3;2
35;2020-04-25;65;5;106;32;53;FRA;Bretagne;Ille-et-Vilaine;Femme;48.1584949366,-1.63554809717;;;;
29;2020-04-26;31;6;50;13;53;FRA;Bretagne;Finistère;Femme;48.2628706879,-4.05692098846;;;;
29;2020-03-20;20;4;6;1;53;FRA;Bretagne;Finistère;Tous;48.2628706879,-4.05692098846;1;0;1;0
29;2020-03-23;11;1;3;3;53;FRA;Bretagne;Finistère;Homme;48.2628706879,-4.05692098846;;;;
22;2020-03-27;12;3;1;1;53;FRA;Bretagne;Côtes-d'Armor;Homme;48.4390612443,-2.86206319142;;;;
56;2020-03-27;28;1;35;10;53;FRA;Bretagne;Morbihan;Femme;47.8441455862,-2.8088066223;;;;
56;2020-03-28;62;23;36;15;53;FRA;Bretagne;Morbihan;Homme;47.8441455862,-2.8088066223;;;;
35;2020-03-29;84;15;51;5;53;FRA;Bretagne;Ille-et-Vilaine;Tous;48.1584949366,-1.63554809717;30;2;0;11
22;2020-03-31;24;2;6;1;53;FRA;Bretagne;Côtes-d'Armor;Femme;48.4390612443,-2.86206319142;;;;
22;2020-04-05;37;4;15;5;53;FRA;Bretagne;Côtes-d'Armor;Femme;48.4390612443,-2.86206319142;;;;
35;2020-04-06;62;14;32;8;53;FRA;Bretagne;Ille-et-Vilaine;Femme;48.1584949366,-1.63554809717;;;;
56;2020-04-09;56;3;75;23;53;FRA;Bretagne;Morbihan;Femme;47.8441455862,-2.8088066223;;;;
29;2020-04-10;40;8;36;5;53;FRA;Bretagne;Finistère;Femme;48.2628706879,-4.05692098846;;;;
22;2020-04-15;75;8;72;22;53;FRA;Bretagne;Côtes-d'Armor;Tous;48.4390612443,-2.86206319142;5;0;1;6
22;2020-04-15;37;2;40;9;53;FRA;Bretagne;Côtes-d'Armor;Femme;48.4390612443,-2.86206319142;;;;
56;2020-04-19;71;21;128;46;53;FRA;Bretagne;Morbihan;Homme;47.8441455862,-2.8088066223;;;;
35;2020-04-30;150;15;277;70;53;FRA;Bretagne;Ille-et-Vilaine;Tous;48.1584949366,-1.63554809717;3;0;0;3
22;2020-05-02;29;2;69;10;53;FRA;Bretagne;Côtes-d'Armor;Femme;48.4390612443,-2.86206319142;;;;
56;2020-05-02;67;13;162;49;53;FRA;Bretagne;Morbihan;Homme;47.8441455862,-2.8088066223;;;;
29;2020-04-22;36;6;48;11;53;FRA;Bretagne;Finistère;Femme;48.2628706879,-4.05692098846;;;;
56;2020-04-26;68;14;150;47;53;FRA;Bretagne;Morbihan;Homme;47.8441455862,-2.8088066223;;;;
22;2020-04-27;30;2;60;9;53;FRA;Bretagne;Côtes-d'Armor;Femme;48.4390612443,-2.86206319142;;;;
29;2020-04-28;68;14;126;37;53;FRA;Bretagne;Finistère;Tous;48.2628706879,-4.05692098846;0;0;1;3
29;2020-04-29;29;5;52;14;53;FRA;Bretagne;Finistère;Femme;48.2628706879,-4.05692098846;;;;
35;2020-03-25;28;12;17;2;53;FRA;Bretagne;Ille-et-Vilaine;Homme;48.1584949366,-1.63554809717;;;;
35;2020-03-26;29;12;21;2;53;FRA;Bretagne;Ille-et-Vilaine;Homme;48.1584949366,-1.63554809717;;;;
35;2020-03-27;32;13;23;3;53;FRA;Bretagne;Ille-et-Vilaine;Homme;48.1584949366,-1.63554809717;;;;
29;2020-03-31;22;1;18;3;53;FRA;Bretagne;Finistère;Femme;48.2628706879,-4.05692098846;;;;
35;2020-04-03;129;36;72;16;53;FRA;Bretagne;Ille-et-Vilaine;Tous;48.1584949366,-1.63554809717;10;1;4;5
56;2020-04-08;154;34;149;55;53;FRA;Bretagne;Morbihan;Tous;47.8441455862,-2.8088066223;34;1;3;22
22;2020-04-10;35;8;26;9;53;FRA;Bretagne;Côtes-d'Armor;Homme;48.4390612443,-2.86206319142;;;;
35;2020-04-10;171;42;124;36;53;FRA;Bretagne;Ille-et-Vilaine;Tous;48.1584949366,-1.63554809717;15;1;9;8
29;2020-04-15;69;26;50;13;53;FRA;Bretagne;Finistère;Homme;48.2628706879,-4.05692098846;;;;
29;2020-04-15;45;8;38;7;53;FRA;Bretagne;Finistère;Femme;48.2628706879,-4.05692098846;;;;
22;2020-04-17;35;6;39;14;53;FRA;Bretagne;Côtes-d'Armor;Homme;48.4390612443,-2.86206319142;;;;
56;2020-04-27;125;16;268;76;53;FRA;Bretagne;Morbihan;Tous;47.8441455862,-2.8088066223;2;1;0;1
29;2020-04-28;38;9;74;23;53;FRA;Bretagne;Finistère;Homme;48.2628706879,-4.05692098846;;;;
56;2020-04-28;54;3;120;30;53;FRA;Bretagne;Morbihan;Femme;47.8441455862,-2.8088066223;;;;
29;2020-05-03;27;5;54;14;53;FRA;Bretagne;Finistère;Femme;48.2628706879,-4.05692098846;;;;
56;2020-03-18;17;4;35;2;53;FRA;Bretagne;Morbihan;Femme;47.8441455862,-2.8088066223;;;;
29;2020-04-20;58;18;62;19;53;FRA;Bretagne;Finistère;Homme;48.2628706879,-4.05692098846;;;;
56;2020-04-25;126;16;265;76;53;FRA;Bretagne;Morbihan;Tous;47.8441455862,-2.8088066223;1;0;1;6
29;2020-04-27;73;16;123;36;53;FRA;Bretagne;Finistère;Tous;48.2628706879,-4.05692098846;0;0;0;1
35;2020-04-29;90;11;158;36;53;FRA;Bretagne;Ille-et-Vilaine;Homme;48.1584949366,-1.63554809717;;;;
22;2020-03-19;0;0;2;0;53;FRA;Bretagne;Côtes-d'Armor;Femme;48.4390612443,-2.86206319142;;;;
35;2020-03-21;20;10;18;1;53;FRA;Bretagne;Ille-et-Vilaine;Tous;48.1584949366,-1.63554809717;8;3;0;1
22;2020-03-26;22;4;3;1;53;FRA;Bretagne;Côtes-d'Armor;Tous;48.4390612443,-2.86206319142;7;3;0;0
29;2020-03-26;41;9;20;5;53;FRA;Bretagne;Finistère;Tous;48.2628706879,-4.05692098846;10;1;0;3
22;2020-03-27;20;2;2;0;53;FRA;Bretagne;Côtes-d'Armor;Femme;48.4390612443,-2.86206319142;;;;
29;2020-03-27;26;7;11;4;53;FRA;Bretagne;Finistère;Homme;48.2628706879,-4.05692098846;;;;
35;2020-04-07;88;31;65;14;53;FRA;Bretagne;Ille-et-Vilaine;Homme;48.1584949366,-1.63554809717;;;;
56;2020-04-08;57;4;72;23;53;FRA;Bretagne;Morbihan;Femme;47.8441455862,-2.8088066223;;;;
22;2020-04-11;36;9;27;10;53;FRA;Bretagne;Côtes-d'Armor;Homme;48.4390612443,-2.86206319142;;;;
35;2020-04-12;182;35;141;39;53;FRA;Bretagne;Ille-et-Vilaine;Tous;48.1584949366,-1.63554809717;16;0;0;6
56;2020-04-16;70;26;121;44;53;FRA;Bretagne;Morbihan;Homme;47.8441455862,-2.8088066223;;;;
22;2020-03-20;2;0;1;1;53;FRA;Bretagne;Côtes-d'Armor;Homme;48.4390612443,-2.86206319142;;;;
29;2020-03-21;20;2;6;1;53;FRA;Bretagne;Finistère;Tous;48.2628706879,-4.05692098846;0;1;0;0
29;2020-03-22;9;2;3;2;53;FRA;Bretagne;Finistère;Homme;48.2628706879,-4.05692098846;;;;
35;2020-03-22;21;11;8;1;53;FRA;Bretagne;Ille-et-Vilaine;Homme;48.1584949366,-1.63554809717;;;;
56;2020-03-22;47;12;12;8;53;FRA;Bretagne;Morbihan;Homme;47.8441455862,-2.8088066223;;;;
22;2020-03-25;11;2;2;0;53;FRA;Bretagne;Côtes-d'Armor;Femme;48.4390612443,-2.86206319142;;;;
29;2020-03-27;15;2;12;1;53;FRA;Bretagne;Finistère;Femme;48.2628706879,-4.05692098846;;;;
22;2020-03-28;11;3;4;2;53;FRA;Bretagne;Côtes-d'Armor;Homme;48.4390612443,-2.86206319142;;;;
56;2020-03-29;98;26;79;28;53;FRA;Bretagne;Morbihan;Tous;47.8441455862,-2.8088066223;14;1;3;5
35;2020-03-31;33;4;24;3;53;FRA;Bretagne;Ille-et-Vilaine;Femme;48.1584949366,-1.63554809717;;;;
56;2020-04-05;135;24;113;45;53;FRA;Bretagne;Morbihan;Tous;47.8441455862,-2.8088066223;8;1;5;3
29;2020-04-08;37;9;34;4;53;FRA;Bretagne;Finistère;Femme;48.2628706879,-4.05692098846;;;;
35;2020-04-08;162;46;113;27;53;FRA;Bretagne;Ille-et-Vilaine;Tous;48.1584949366,-1.63554809717;21;4;4;11
29;2020-04-16;68;24;54;14;53;FRA;Bretagne;Finistère;Homme;48.2628706879,-4.05692098846;;;;
22;2020-04-17;72;8;82;23;53;FRA;Bretagne;Côtes-d'Armor;Tous;48.4390612443,-2.86206319142;7;0;1;2
35;2020-04-17;194;28;187;51;53;FRA;Bretagne;Ille-et-Vilaine;Tous;48.1584949366,-1.63554809717;11;3;2;9
29;2020-04-22;82;22;119;31;53;FRA;Bretagne;Finistère;Tous;48.2628706879,-4.05692098846;3;1;0;6
35;2020-04-27;156;19;261;68;53;FRA;Bretagne;Ille-et-Vilaine;Tous;48.1584949366,-1.63554809717;0;0;1;0
35;2020-04-27;63;5;108;33;53;FRA;Bretagne;Ille-et-Vilaine;Femme;48.1584949366,-1.63554809717;;;;
22;2020-04-28;51;6;124;24;53;FRA;Bretagne;Côtes-d'Armor;Tous;48.4390612443,-2.86206319142;1;0;0;3
56;2020-04-30;127;14;288;80;53;FRA;Bretagne;Morbihan;Tous;47.8441455862,-2.8088066223;7;0;2;10
35;2020-05-01;142;13;287;70;53;FRA;Bretagne;Ille-et-Vilaine;Tous;48.1584949366,-1.63554809717;3;0;0;10
56;2020-04-21;120;22;243;75;53;FRA;Bretagne;Morbihan;Tous;47.8441455862,-2.8088066223;9;1;1;7
35;2020-04-24;164;17;246;66;53;FRA;Bretagne;Ille-et-Vilaine;Tous;48.1584949366,-1.63554809717;5;0;0;11
35;2020-04-28;60;5;112;34;53;FRA;Bretagne;Ille-et-Vilaine;Femme;48.1584949366,-1.63554809717;;;;
35;2020-04-29;150;15;274;70;53;FRA;Bretagne;Ille-et-Vilaine;Tous;48.1584949366,-1.63554809717;4;0;0;5
56;2020-04-29;130;16;279;78;53;FRA;Bretagne;Morbihan;Tous;47.8441455862,-2.8088066223;4;2;1;4
22;2020-05-02;23;2;67;16;53;FRA;Bretagne;Côtes-d'Armor;Homme;48.4390612443,-2.86206319142;;;;
29;2020-05-03;58;13;134;37;53;FRA;Bretagne;Finistère;Tous;48.2628706879,-4.05692098846;0;0;0;1
29;2020-05-04;27;4;54;14;53;FRA;Bretagne;Finistère;Femme;48.2628706879,-4.05692098846;;;;
35;2020-05-04;136;14;296;75;53;FRA;Bretagne;Ille-et-Vilaine;Tous;48.1584949366,-1.63554809717;3;0;1;2
29;2020-03-20;11;1;3;0;53;FRA;Bretagne;Finistère;Femme;48.2628706879,-4.05692098846;;;;
56;2020-03-20;49;12;29;9;53;FRA;Bretagne;Morbihan;Tous;47.8441455862,-2.8088066223;6;0;0;2
56;2020-03-20;21;3;15;4;53;FRA;Bretagne;Morbihan;Femme;47.8441455862,-2.8088066223;;;;
29;2020-03-25;14;3;10;1;53;FRA;Bretagne;Finistère;Femme;48.2628706879,-4.05692098846;;;;
56;2020-03-28;31;2;38;10;53;FRA;Bretagne;Morbihan;Femme;47.8441455862,-2.8088066223;;;;
22;2020-03-29;23;2;4;0;53;FRA;Bretagne;Côtes-d'Armor;Femme;48.4390612443,-2.86206319142;;;;
35;2020-03-30;91;17;53;7;53;FRA;Bretagne;Ille-et-Vilaine;Tous;48.1584949366,-1.63554809717;15;4;2;2
22;2020-04-06;36;13;11;5;53;FRA;Bretagne;Côtes-d'Armor;Homme;48.4390612443,-2.86206319142;;;;
22;2020-04-06;39;4;18;6;53;FRA;Bretagne;Côtes-d'Armor;Femme;48.4390612443,-2.86206319142;;;;
29;2020-04-11;42;8;37;5;53;FRA;Bretagne;Finistère;Femme;48.2628706879,-4.05692098846;;;;
56;2020-04-13;131;35;200;60;53;FRA;Bretagne;Morbihan;Tous;47.8441455862,-2.8088066223;2;2;0;3
56;2020-04-13;82;31;107;36;53;FRA;Bretagne;Morbihan;Homme;47.8441455862,-2.8088066223;;;;
35;2020-04-18;181;28;204;56;53;FRA;Bretagne;Ille-et-Vilaine;Tous;48.1584949366,-1.63554809717;9;2;5;17
35;2020-03-21;4;2;10;0;53;FRA;Bretagne;Ille-et-Vilaine;Femme;48.1584949366,-1.63554809717;;;;
22;2020-03-22;4;0;2;0;53;FRA;Bretagne;Côtes-d'Armor;Femme;48.4390612443,-2.86206319142;;;;
56;2020-03-23;25;3;20;7;53;FRA;Bretagne;Morbihan;Femme;47.8441455862,-2.8088066223;;;;
35;2020-03-25;41;14;30;2;53;FRA;Bretagne;Ille-et-Vilaine;Tous;48.1584949366,-1.63554809717;12;2;0;4
35;2020-03-26;50;14;34;2;53;FRA;Bretagne;Ille-et-Vilaine;Tous;48.1584949366,-1.63554809717;15;2;0;5
35;2020-03-29;33;3;23;0;53;FRA;Bretagne;Ille-et-Vilaine;Femme;48.1584949366,-1.63554809717;;;;
56;2020-04-12;82;30;106;36;53;FRA;Bretagne;Morbihan;Homme;47.8441455862,-2.8088066223;;;;
56;2020-04-18;70;22;129;45;53;FRA;Bretagne;Morbihan;Homme;47.8441455862,-2.8088066223;;;;
35;2020-04-20;101;19;123;31;53;FRA;Bretagne;Ille-et-Vilaine;Homme;48.1584949366,-1.63554809717;;;;
29;2020-04-21;86;25;113;31;53;FRA;Bretagne;Finistère;Tous;48.2628706879,-4.05692098846;2;0;0;6
22;2020-04-23;26;4;56;15;53;FRA;Bretagne;Côtes-d'Armor;Homme;48.4390612443,-2.86206319142;;;;
22;2020-04-24;27;2;59;9;53;FRA;Bretagne;Côtes-d'Armor;Femme;48.4390612443,-2.86206319142;;;;
22;2020-04-25;22;4;61;15;53;FRA;Bretagne;Côtes-d'Armor;Homme;48.4390612443,-2.86206319142;;;;
29;2020-05-02;32;8;79;23;53;FRA;Bretagne;Finistère;Homme;48.2628706879,-4.05692098846;;;;
35;2020-05-03;56;4;122;35;53;FRA;Bretagne;Ille-et-Vilaine;Femme;48.1584949366,-1.63554809717;;;;
29;2020-05-04;30;8;80;24;53;FRA;Bretagne;Finistère;Homme;48.2628706879,-4.05692098846;;;;
56;2020-05-05;63;11;165;51;53;FRA;Bretagne;Morbihan;Homme;47.8441455862,-2.8088066223;;;;
22;2020-03-21;4;0;2;0;53;FRA;Bretagne;Côtes-d'Armor;Femme;48.4390612443,-2.86206319142;;;;
35;2020-03-21;16;8;8;1;53;FRA;Bretagne;Ille-et-Vilaine;Homme;48.1584949366,-1.63554809717;;;;
35;2020-03-23;34;14;20;1;53;FRA;Bretagne;Ille-et-Vilaine;Tous;48.1584949366,-1.63554809717;12;4;0;2
35;2020-03-23;10;2;10;0;53;FRA;Bretagne;Ille-et-Vilaine;Femme;48.1584949366,-1.63554809717;;;;
56;2020-03-25;69;13;52;20;53;FRA;Bretagne;Morbihan;Tous;47.8441455862,-2.8088066223;14;0;3;9
29;2020-03-29;50;11;28;5;53;FRA;Bretagne;Finistère;Tous;48.2628706879,-4.05692098846;6;0;0;3
22;2020-04-01;23;3;5;4;53;FRA;Bretagne;Côtes-d'Armor;Homme;48.4390612443,-2.86206319142;;;;
29;2020-04-03;74;32;55;7;53;FRA;Bretagne;Finistère;Tous;48.2628706879,-4.05692098846;12;3;0;7
22;2020-04-05;70;16;25;10;53;FRA;Bretagne;Côtes-d'Armor;Tous;48.4390612443,-2.86206319142;8;0;0;0
22;2020-04-07;37;3;22;6;53;FRA;Bretagne;Côtes-d'Armor;Femme;48.4390612443,-2.86206319142;;;;
35;2020-04-11;91;27;82;24;53;FRA;Bretagne;Ille-et-Vilaine;Homme;48.1584949366,-1.63554809717;;;;
35;2020-04-14;100;24;95;27;53;FRA;Bretagne;Ille-et-Vilaine;Homme;48.1584949366,-1.63554809717;;;;
29;2020-04-16;39;8;42;9;53;FRA;Bretagne;Finistère;Femme;48.2628706879,-4.05692098846;;;;
35;2020-04-16;193;32;178;49;53;FRA;Bretagne;Ille-et-Vilaine;Tous;48.1584949366,-1.63554809717;12;1;1;14
22;2020-04-21;58;6;101;24;53;FRA;Bretagne;Côtes-d'Armor;Tous;48.4390612443,-2.86206319142;3;0;0;7
29;2020-04-24;33;6;49;13;53;FRA;Bretagne;Finistère;Femme;48.2628706879,-4.05692098846;;;;
22;2020-04-26;22;4;61;15;53;FRA;Bretagne;Côtes-d'Armor;Homme;48.4390612443,-2.86206319142;;;;
35;2020-04-30;59;4;117;34;53;FRA;Bretagne;Ille-et-Vilaine;Femme;48.1584949366,-1.63554809717;;;;
22;2020-05-02;52;4;136;26;53;FRA;Bretagne;Côtes-d'Armor;Tous;48.4390612443,-2.86206319142;9;0;1;1
29;2020-05-02;59;13;133;37;53;FRA;Bretagne;Finistère;Tous;48.2628706879,-4.05692098846;1;0;0;0
35;2020-03-18;7;3;0;0;53;FRA;Bretagne;Ille-et-Vilaine;Tous;48.1584949366,-1.63554809717;;;;
29;2020-03-19;8;1;3;0;53;FRA;Bretagne;Finistère;Femme;48.2628706879,-4.05692098846;;;;
22;2020-04-20;63;7;94;24;53;FRA;Bretagne;Côtes-d'Armor;Tous;48.4390612443,-2.86206319142;3;0;1;4
22;2020-04-20;28;5;49;15;53;FRA;Bretagne;Côtes-d'Armor;Homme;48.4390612443,-2.86206319142;;;;
56;2020-04-22;119;21;249;75;53;FRA;Bretagne;Morbihan;Tous;47.8441455862,-2.8088066223;8;1;0;6
29;2020-04-25;31;6;50;13;53;FRA;Bretagne;Finistère;Femme;48.2628706879,-4.05692098846;;;;
56;2020-04-25;56;2;117;29;53;FRA;Bretagne;Morbihan;Femme;47.8441455862,-2.8088066223;;;;
22;2020-04-28;28;2;62;9;53;FRA;Bretagne;Côtes-d'Armor;Femme;48.4390612443,-2.86206319142;;;;
56;2020-04-29;57;3;123;30;53;FRA;Bretagne;Morbihan;Femme;47.8441455862,-2.8088066223;;;;
22;2020-04-30;29;2;65;9;53;FRA;Bretagne;Côtes-d'Armor;Femme;48.4390612443,-2.86206319142;;;;
56;2020-05-01;126;13;291;80;53;FRA;Bretagne;Morbihan;Tous;47.8441455862,-2.8088066223;2;0;0;3
56;2020-05-01;57;1;128;31;53;FRA;Bretagne;Morbihan;Femme;47.8441455862,-2.8088066223;;;;
56;2020-05-04;56;3;132;32;53;FRA;Bretagne;Morbihan;Femme;47.8441455862,-2.8088066223;;;;
22;2020-03-25;4;0;1;1;53;FRA;Bretagne;Côtes-d'Armor;Homme;48.4390612443,-2.86206319142;;;;
22;2020-03-28;23;2;2;0;53;FRA;Bretagne;Côtes-d'Armor;Femme;48.4390612443,-2.86206319142;;;;
29;2020-03-31;27;11;19;4;53;FRA;Bretagne;Finistère;Homme;48.2628706879,-4.05692098846;;;;
56;2020-03-31;72;26;39;18;53;FRA;Bretagne;Morbihan;Homme;47.8441455862,-2.8088066223;;;;
35;2020-04-03;86;29;43;10;53;FRA;Bretagne;Ille-et-Vilaine;Homme;48.1584949366,-1.63554809717;;;;
56;2020-04-04;136;24;110;40;53;FRA;Bretagne;Morbihan;Tous;47.8441455862,-2.8088066223;8;3;3;13
22;2020-04-06;75;17;29;11;53;FRA;Bretagne;Côtes-d'Armor;Tous;48.4390612443,-2.86206319142;10;1;1;4
56;2020-04-10;139;34;175;56;53;FRA;Bretagne;Morbihan;Tous;47.8441455862,-2.8088066223;7;2;2;13
29;2020-04-11;116;39;82;13;53;FRA;Bretagne;Finistère;Tous;48.2628706879,-4.05692098846;11;1;1;4
35;2020-04-16;107;21;107;29;53;FRA;Bretagne;Ille-et-Vilaine;Homme;48.1584949366,-1.63554809717;;;;
35;2020-03-18;4;2;0;0;53;FRA;Bretagne;Ille-et-Vilaine;Homme;48.1584949366,-1.63554809717;;;;
22;2020-03-19;2;1;3;0;53;FRA;Bretagne;Côtes-d'Armor;Tous;48.4390612443,-2.86206319142;4;0;1;0
29;2020-04-21;49;18;66;19;53;FRA;Bretagne;Finistère;Homme;48.2628706879,-4.05692098846;;;;
56;2020-04-24;73;15;146;46;53;FRA;Bretagne;Morbihan;Homme;47.8441455862,-2.8088066223;;;;
22;2020-04-25;30;2;59;9;53;FRA;Bretagne;Côtes-d'Armor;Femme;48.4390612443,-2.86206319142;;;;
56;2020-04-28;124;15;274;77;53;FRA;Bretagne;Morbihan;Tous;47.8441455862,-2.8088066223;14;1;1;8
56;2020-05-02;56;1;129;32;53;FRA;Bretagne;Morbihan;Femme;47.8441455862,-2.8088066223;;;;
35;2020-05-04;57;4;123;36;53;FRA;Bretagne;Ille-et-Vilaine;Femme;48.1584949366,-1.63554809717;;;;
56;2020-05-04;64;12;164;51;53;FRA;Bretagne;Morbihan;Homme;47.8441455862,-2.8088066223;;;;
29;2020-03-19;17;5;6;0;53;FRA;Bretagne;Finistère;Tous;48.2628706879,-4.05692098846;11;0;0;3
29;2020-03-20;9;3;3;1;53;FRA;Bretagne;Finistère;Homme;48.2628706879,-4.05692098846;;;;
29;2020-03-21;9;2;3;1;53;FRA;Bretagne;Finistère;Homme;48.2628706879,-4.05692098846;;;;
56;2020-03-22;77;15;29;13;53;FRA;Bretagne;Morbihan;Tous;47.8441455862,-2.8088066223;11;5;1;4
29;2020-03-23;9;0;6;1;53;FRA;Bretagne;Finistère;Femme;48.2628706879,-4.05692098846;;;;
56;2020-03-23;67;14;36;17;53;FRA;Bretagne;Morbihan;Tous;47.8441455862,-2.8088066223;5;0;4;4
35;2020-03-24;24;11;13;2;53;FRA;Bretagne;Ille-et-Vilaine;Homme;48.1584949366,-1.63554809717;;;;
56;2020-03-24;67;14;43;17;53;FRA;Bretagne;Morbihan;Tous;47.8441455862,-2.8088066223;9;1;0;8
29;2020-03-26;14;2;12;1;53;FRA;Bretagne;Finistère;Femme;48.2628706879,-4.05692098846;;;;
56;2020-03-29;66;24;38;16;53;FRA;Bretagne;Morbihan;Homme;47.8441455862,-2.8088066223;;;;
35;2020-03-31;94;22;59;9;53;FRA;Bretagne;Ille-et-Vilaine;Tous;48.1584949366,-1.63554809717;19;7;2;8
29;2020-04-04;51;26;27;5;53;FRA;Bretagne;Finistère;Homme;48.2628706879,-4.05692098846;;;;
56;2020-04-08;97;30;77;32;53;FRA;Bretagne;Morbihan;Homme;47.8441455862,-2.8088066223;;;;
35;2020-04-09;93;35;74;18;53;FRA;Bretagne;Ille-et-Vilaine;Homme;48.1584949366,-1.63554809717;;;;
35;2020-04-11;80;11;53;15;53;FRA;Bretagne;Ille-et-Vilaine;Femme;48.1584949366,-1.63554809717;;;;
22;2020-04-13;39;8;28;11;53;FRA;Bretagne;Côtes-d'Armor;Homme;48.4390612443,-2.86206319142;;;;
56;2020-04-13;49;4;93;24;53;FRA;Bretagne;Morbihan;Femme;47.8441455862,-2.8088066223;;;;
35;2020-04-14;89;12;57;17;53;FRA;Bretagne;Ille-et-Vilaine;Femme;48.1584949366,-1.63554809717;;;;
35;2020-04-15;196;33;164;48;53;FRA;Bretagne;Ille-et-Vilaine;Tous;48.1584949366,-1.63554809717;23;0;4;12
56;2020-04-15;45;4;98;28;53;FRA;Bretagne;Morbihan;Femme;47.8441455862,-2.8088066223;;;;
29;2020-04-16;107;32;97;24;53;FRA;Bretagne;Finistère;Tous;48.2628706879,-4.05692098846;5;1;4;8
56;2020-04-17;116;28;225;71;53;FRA;Bretagne;Morbihan;Tous;47.8441455862,-2.8088066223;6;0;0;4
29;2020-04-20;39;7;45;11;53;FRA;Bretagne;Finistère;Femme;48.2628706879,-4.05692098846;;;;
56;2020-04-23;126;21;253;75;53;FRA;Bretagne;Morbihan;Tous;47.8441455862,-2.8088066223;11;0;0;4
56;2020-04-23;53;2;112;29;53;FRA;Bretagne;Morbihan;Femme;47.8441455862,-2.8088066223;;;;
35;2020-04-25;158;19;258;67;53;FRA;Bretagne;Ille-et-Vilaine;Tous;48.1584949366,-1.63554809717;6;1;1;13
56;2020-04-27;68;13;151;47;53;FRA;Bretagne;Morbihan;Homme;47.8441455862,-2.8088066223;;;;
56;2020-04-27;56;3;117;29;53;FRA;Bretagne;Morbihan;Femme;47.8441455862,-2.8088066223;;;;
56;2020-04-28;69;12;153;47;53;FRA;Bretagne;Morbihan;Homme;47.8441455862,-2.8088066223;;;;
35;2020-05-01;83;9;167;36;53;FRA;Bretagne;Ille-et-Vilaine;Homme;48.1584949366,-1.63554809717;;;;
35;2020-05-01;59;4;119;34;53;FRA;Bretagne;Ille-et-Vilaine;Femme;48.1584949366,-1.63554809717;;;;
35;2020-05-03;136;14;294;74;53;FRA;Bretagne;Ille-et-Vilaine;Tous;48.1584949366,-1.63554809717;3;0;2;3
35;2020-03-20;20;9;17;1;53;FRA;Bretagne;Ille-et-Vilaine;Tous;48.1584949366,-1.63554809717;9;2;1;1
56;2020-03-20;28;9;14;5;53;FRA;Bretagne;Morbihan;Homme;47.8441455862,-2.8088066223;;;;
22;2020-03-22;2;0;1;1;53;FRA;Bretagne;Côtes-d'Armor;Homme;48.4390612443,-2.86206319142;;;;
22;2020-03-23;2;0;1;1;53;FRA;Bretagne;Côtes-d'Armor;Homme;48.4390612443,-2.86206319142;;;;
35;2020-03-24;33;13;26;2;53;FRA;Bretagne;Ille-et-Vilaine;Tous;48.1584949366,-1.63554809717;9;2;1;6
56;2020-03-26;89;18;57;21;53;FRA;Bretagne;Morbihan;Tous;47.8441455862,-2.8088066223;27;5;1;5
35;2020-03-27;53;16;38;3;53;FRA;Bretagne;Ille-et-Vilaine;Tous;48.1584949366,-1.63554809717;10;4;1;5
56;2020-03-30;106;29;79;29;53;FRA;Bretagne;Morbihan;Tous;47.8441455862,-2.8088066223;16;3;1;3
29;2020-03-31;49;12;37;7;53;FRA;Bretagne;Finistère;Tous;48.2628706879,-4.05692098846;7;5;1;8
22;2020-04-03;65;17;20;9;53;FRA;Bretagne;Côtes-d'Armor;Tous;48.4390612443,-2.86206319142;11;0;0;5
56;2020-04-03;60;5;54;15;53;FRA;Bretagne;Morbihan;Femme;47.8441455862,-2.8088066223;;;;
56;2020-04-06;91;31;57;28;53;FRA;Bretagne;Morbihan;Homme;47.8441455862,-2.8088066223;;;;
56;2020-04-07;144;34;127;52;53;FRA;Bretagne;Morbihan;Tous;47.8441455862,-2.8088066223;9;2;4;9
35;2020-04-09;80;13;43;9;53;FRA;Bretagne;Ille-et-Vilaine;Femme;48.1584949366,-1.63554809717;;;;
35;2020-04-12;97;25;86;24;53;FRA;Bretagne;Ille-et-Vilaine;Homme;48.1584949366,-1.63554809717;;;;
29;2020-04-17;62;21;58;16;53;FRA;Bretagne;Finistère;Homme;48.2628706879,-4.05692098846;;;;
35;2020-04-17;110;18;107;30;53;FRA;Bretagne;Ille-et-Vilaine;Homme;48.1584949366,-1.63554809717;;;;
35;2020-03-26;21;2;13;0;53;FRA;Bretagne;Ille-et-Vilaine;Femme;48.1584949366,-1.63554809717;;;;
56;2020-04-03;83;24;44;22;53;FRA;Bretagne;Morbihan;Homme;47.8441455862,-2.8088066223;;;;
29;2020-04-04;79;33;56;8;53;FRA;Bretagne;Finistère;Tous;48.2628706879,-4.05692098846;7;1;1;1
29;2020-04-05;49;26;29;6;53;FRA;Bretagne;Finistère;Homme;48.2628706879,-4.05692098846;;;;
35;2020-04-05;136;38;83;17;53;FRA;Bretagne;Ille-et-Vilaine;Tous;48.1584949366,-1.63554809717;6;4;0;3
56;2020-04-05;79;20;53;27;53;FRA;Bretagne;Morbihan;Homme;47.8441455862,-2.8088066223;;;;
22;2020-04-09;30;9;24;9;53;FRA;Bretagne;Côtes-d'Armor;Homme;48.4390612443,-2.86206319142;;;;
22;2020-04-09;34;3;25;7;53;FRA;Bretagne;Côtes-d'Armor;Femme;48.4390612443,-2.86206319142;;;;
35;2020-04-19;101;20;123;31;53;FRA;Bretagne;Ille-et-Vilaine;Homme;48.1584949366,-1.63554809717;;;;
35;2020-04-19;72;6;85;28;53;FRA;Bretagne;Ille-et-Vilaine;Femme;48.1584949366,-1.63554809717;;;;
29;2020-03-18;13;5;3;0;53;FRA;Bretagne;Finistère;Tous;48.2628706879,-4.05692098846;;;;
35;2020-05-05;77;8;175;39;53;FRA;Bretagne;Ille-et-Vilaine;Homme;48.1584949366,-1.63554809717;;;;
22;2020-03-20;3;0;2;0;53;FRA;Bretagne;Côtes-d'Armor;Femme;48.4390612443,-2.86206319142;;;;
29;2020-03-22;8;0;6;0;53;FRA;Bretagne;Finistère;Femme;48.2628706879,-4.05692098846;;;;
35;2020-03-28;29;4;17;0;53;FRA;Bretagne;Ille-et-Vilaine;Femme;48.1584949366,-1.63554809717;;;;
29;2020-03-29;30;9;12;4;53;FRA;Bretagne;Finistère;Homme;48.2628706879,-4.05692098846;;;;
56;2020-04-26;125;16;267;76;53;FRA;Bretagne;Morbihan;Tous;47.8441455862,-2.8088066223;1;1;0;2
29;2020-04-28;30;5;51;13;53;FRA;Bretagne;Finistère;Femme;48.2628706879,-4.05692098846;;;;
22;2020-04-29;48;5;128;25;53;FRA;Bretagne;Côtes-d'Armor;Tous;48.4390612443,-2.86206319142;1;0;1;3
29;2020-04-29;35;9;76;23;53;FRA;Bretagne;Finistère;Homme;48.2628706879,-4.05692098846;;;;
35;2020-04-05;83;29;52;10;53;FRA;Bretagne;Ille-et-Vilaine;Homme;48.1584949366,-1.63554809717;;;;
22;2020-04-07;69;13;42;13;53;FRA;Bretagne;Côtes-d'Armor;Tous;48.4390612443,-2.86206319142;10;1;2;13
29;2020-04-07;34;9;32;3;53;FRA;Bretagne;Finistère;Femme;48.2628706879,-4.05692098846;;;;
56;2020-04-07;91;31;62;30;53;FRA;Bretagne;Morbihan;Homme;47.8441455862,-2.8088066223;;;;
35;2020-04-08;74;14;41;9;53;FRA;Bretagne;Ille-et-Vilaine;Femme;48.1584949366,-1.63554809717;;;;
56;2020-04-11;130;35;194;59;53;FRA;Bretagne;Morbihan;Tous;47.8441455862,-2.8088066223;14;4;3;18
22;2020-04-15;38;6;32;13;53;FRA;Bretagne;Côtes-d'Armor;Homme;48.4390612443,-2.86206319142;;;;
22;2020-04-17;37;2;43;9;53;FRA;Bretagne;Côtes-d'Armor;Femme;48.4390612443,-2.86206319142;;;;
29;2020-04-18;101;27;103;30;53;FRA;Bretagne;Finistère;Tous;48.2628706879,-4.05692098846;5;2;4;1
29;2020-04-18;39;8;44;10;53;FRA;Bretagne;Finistère;Femme;48.2628706879,-4.05692098846;;;;
35;2020-04-19;177;28;210;59;53;FRA;Bretagne;Ille-et-Vilaine;Tous;48.1584949366,-1.63554809717;6;1;4;6
35;2020-04-22;171;25;230;63;53;FRA;Bretagne;Ille-et-Vilaine;Tous;48.1584949366,-1.63554809717;9;1;0;10
56;2020-04-24;58;2;114;29;53;FRA;Bretagne;Morbihan;Femme;47.8441455862,-2.8088066223;;;;
35;2020-04-26;157;19;261;67;53;FRA;Bretagne;Ille-et-Vilaine;Tous;48.1584949366,-1.63554809717;2;0;0;3
56;2020-04-26;56;2;117;29;53;FRA;Bretagne;Morbihan;Femme;47.8441455862,-2.8088066223;;;;
22;2020-04-27;22;4;62;15;53;FRA;Bretagne;Côtes-d'Armor;Homme;48.4390612443,-2.86206319142;;;;
35;2020-04-27;91;13;152;35;53;FRA;Bretagne;Ille-et-Vilaine;Homme;48.1584949366,-1.63554809717;;;;
35;2020-04-28;88;12;156;35;53;FRA;Bretagne;Ille-et-Vilaine;Homme;48.1584949366,-1.63554809717;;;;
56;2020-05-03;67;13;163;50;53;FRA;Bretagne;Morbihan;Homme;47.8441455862,-2.8088066223;;;;
56;2020-04-20;120;25;236;74;53;FRA;Bretagne;Morbihan;Tous;47.8441455862,-2.8088066223;5;0;1;2
29;2020-04-21;37;7;46;11;53;FRA;Bretagne;Finistère;Femme;48.2628706879,-4.05692098846;;;;
35;2020-04-21;172;25;221;63;53;FRA;Bretagne;Ille-et-Vilaine;Tous;48.1584949366,-1.63554809717;10;2;3;11
35;2020-04-23;171;22;235;66;53;FRA;Bretagne;Ille-et-Vilaine;Tous;48.1584949366,-1.63554809717;8;0;3;6
29;2020-04-26;44;11;71;22;53;FRA;Bretagne;Finistère;Homme;48.2628706879,-4.05692098846;;;;
22;2020-04-30;50;4;130;25;53;FRA;Bretagne;Côtes-d'Armor;Tous;48.4390612443,-2.86206319142;4;0;0;2
29;2020-05-01;32;9;79;23;53;FRA;Bretagne;Finistère;Homme;48.2628706879,-4.05692098846;;;;
22;2020-05-04;28;2;71;10;53;FRA;Bretagne;Côtes-d'Armor;Femme;48.4390612443,-2.86206319142;;;;
29;2020-05-05;27;3;55;14;53;FRA;Bretagne;Finistère;Femme;48.2628706879,-4.05692098846;;;;
35;2020-03-20;16;7;7;1;53;FRA;Bretagne;Ille-et-Vilaine;Homme;48.1584949366,-1.63554809717;;;;
29;2020-03-24;11;1;5;4;53;FRA;Bretagne;Finistère;Homme;48.2628706879,-4.05692098846;;;;
35;2020-03-29;51;12;28;5;53;FRA;Bretagne;Ille-et-Vilaine;Homme;48.1584949366,-1.63554809717;;;;
56;2020-03-30;65;27;39;17;53;FRA;Bretagne;Morbihan;Homme;47.8441455862,-2.8088066223;;;;
29;2020-04-01;23;2;21;3;53;FRA;Bretagne;Finistère;Femme;48.2628706879,-4.05692098846;;;;
35;2020-04-10;92;32;78;22;53;FRA;Bretagne;Ille-et-Vilaine;Homme;48.1584949366,-1.63554809717;;;;
29;2020-04-14;46;8;37;7;53;FRA;Bretagne;Finistère;Femme;48.2628706879,-4.05692098846;;;;
35;2020-04-18;76;7;81;25;53;FRA;Bretagne;Ille-et-Vilaine;Femme;48.1584949366,-1.63554809717;;;;
29;2020-04-19;60;19;60;19;53;FRA;Bretagne;Finistère;Homme;48.2628706879,-4.05692098846;;;;
29;2020-04-23;32;6;49;13;53;FRA;Bretagne;Finistère;Femme;48.2628706879,-4.05692098846;;;;
56;2020-04-23;72;19;141;46;53;FRA;Bretagne;Morbihan;Homme;47.8441455862,-2.8088066223;;;;
22;2020-04-24;53;6;116;24;53;FRA;Bretagne;Côtes-d'Armor;Tous;48.4390612443,-2.86206319142;2;0;0;3
29;2020-04-24;80;19;121;34;53;FRA;Bretagne;Finistère;Tous;48.2628706879,-4.05692098846;2;1;0;0
29;2020-05-03;31;8;80;23;53;FRA;Bretagne;Finistère;Homme;48.2628706879,-4.05692098846;;;;
56;2020-05-03;55;1;130;32;53;FRA;Bretagne;Morbihan;Femme;47.8441455862,-2.8088066223;;;;
29;2020-03-19;9;4;3;0;53;FRA;Bretagne;Finistère;Homme;48.2628706879,-4.05692098846;;;;
35;2020-03-19;16;8;15;0;53;FRA;Bretagne;Ille-et-Vilaine;Tous;48.1584949366,-1.63554809717;25;7;0;16
22;2020-03-21;2;0;1;1;53;FRA;Bretagne;Côtes-d'Armor;Homme;48.4390612443,-2.86206319142;;;;
56;2020-03-24;26;2;24;7;53;FRA;Bretagne;Morbihan;Femme;47.8441455862,-2.8088066223;;;;
56;2020-03-25;25;1;28;8;53;FRA;Bretagne;Morbihan;Femme;47.8441455862,-2.8088066223;;;;
56;2020-03-27;89;19;67;25;53;FRA;Bretagne;Morbihan;Tous;47.8441455862,-2.8088066223;13;3;4;10
56;2020-03-30;41;2;40;12;53;FRA;Bretagne;Morbihan;Femme;47.8441455862,-2.8088066223;;;;
29;2020-04-02;23;5;25;3;53;FRA;Bretagne;Finistère;Femme;48.2628706879,-4.05692098846;;;;
22;2020-04-05;33;12;10;5;53;FRA;Bretagne;Côtes-d'Armor;Homme;48.4390612443,-2.86206319142;;;;
56;2020-04-05;55;3;60;18;53;FRA;Bretagne;Morbihan;Femme;47.8441455862,-2.8088066223;;;;
22;2020-04-07;32;10;20;7;53;FRA;Bretagne;Côtes-d'Armor;Homme;48.4390612443,-2.86206319142;;;;
29;2020-04-09;109;40;69;11;53;FRA;Bretagne;Finistère;Tous;48.2628706879,-4.05692098846;9;0;0;3
29;2020-04-12;45;8;36;5;53;FRA;Bretagne;Finistère;Femme;48.2628706879,-4.05692098846;;;;
56;2020-04-12;50;4;91;24;53;FRA;Bretagne;Morbihan;Femme;47.8441455862,-2.8088066223;;;;
56;2020-04-14;49;4;95;26;53;FRA;Bretagne;Morbihan;Femme;47.8441455862,-2.8088066223;;;;
22;2020-04-16;69;8;80;22;53;FRA;Bretagne;Côtes-d'Armor;Tous;48.4390612443,-2.86206319142;4;0;0;8
35;2020-04-18;101;19;121;31;53;FRA;Bretagne;Ille-et-Vilaine;Homme;48.1584949366,-1.63554809717;;;;
56;2020-03-21;34;8;12;7;53;FRA;Bretagne;Morbihan;Homme;47.8441455862,-2.8088066223;;;;
22;2020-03-26;8;2;1;1;53;FRA;Bretagne;Côtes-d'Armor;Homme;48.4390612443,-2.86206319142;;;;
22;2020-03-26;14;2;2;0;53;FRA;Bretagne;Côtes-d'Armor;Femme;48.4390612443,-2.86206319142;;;;
35;2020-04-02;42;8;27;4;53;FRA;Bretagne;Ille-et-Vilaine;Femme;48.1584949366,-1.63554809717;;;;
29;2020-04-03;26;6;28;3;53;FRA;Bretagne;Finistère;Femme;48.2628706879,-4.05692098846;;;;
22;2020-04-04;62;17;25;10;53;FRA;Bretagne;Côtes-d'Armor;Tous;48.4390612443,-2.86206319142;5;1;1;6
35;2020-04-04;48;8;31;7;53;FRA;Bretagne;Ille-et-Vilaine;Femme;48.1584949366,-1.63554809717;;;;
29;2020-04-05;33;8;29;3;53;FRA;Bretagne;Finistère;Femme;48.2628706879,-4.05692098846;;;;
29;2020-04-06;57;31;29;6;53;FRA;Bretagne;Finistère;Homme;48.2628706879,-4.05692098846;;;;
22;2020-04-08;35;3;22;7;53;FRA;Bretagne;Côtes-d'Armor;Femme;48.4390612443,-2.86206319142;;;;
29;2020-04-12;77;30;45;8;53;FRA;Bretagne;Finistère;Homme;48.2628706879,-4.05692098846;;;;
22;2020-04-13;35;3;34;9;53;FRA;Bretagne;Côtes-d'Armor;Femme;48.4390612443,-2.86206319142;;;;
29;2020-04-13;75;29;46;10;53;FRA;Bretagne;Finistère;Homme;48.2628706879,-4.05692098846;;;;
22;2020-04-14;39;7;30;12;53;FRA;Bretagne;Côtes-d'Armor;Homme;48.4390612443,-2.86206319142;;;;
22;2020-04-16;34;6;38;13;53;FRA;Bretagne;Côtes-d'Armor;Homme;48.4390612443,-2.86206319142;;;;
29;2020-04-17;39;8;43;9;53;FRA;Bretagne;Finistère;Femme;48.2628706879,-4.05692098846;;;;
56;2020-04-21;53;3;109;29;53;FRA;Bretagne;Morbihan;Femme;47.8441455862,-2.8088066223;;;;
35;2020-04-23;98;15;138;34;53;FRA;Bretagne;Ille-et-Vilaine;Homme;48.1584949366,-1.63554809717;;;;
35;2020-04-24;69;5;101;32;53;FRA;Bretagne;Ille-et-Vilaine;Femme;48.1584949366,-1.63554809717;;;;
35;2020-05-02;138;14;291;72;53;FRA;Bretagne;Ille-et-Vilaine;Tous;48.1584949366,-1.63554809717;2;1;2;5
56;2020-05-02;124;14;295;81;53;FRA;Bretagne;Morbihan;Tous;47.8441455862,-2.8088066223;3;1;1;4
35;2020-05-03;80;10;171;39;53;FRA;Bretagne;Ille-et-Vilaine;Homme;48.1584949366,-1.63554809717;;;;
35;2020-05-05;55;4;125;36;53;FRA;Bretagne;Ille-et-Vilaine;Femme;48.1584949366,-1.63554809717;;;;
56;2020-05-05;119;14;304;83;53;FRA;Bretagne;Morbihan;Tous;47.8441455862,-2.8088066223;2;0;0;3
35;2020-03-18;3;1;0;0;53;FRA;Bretagne;Ille-et-Vilaine;Femme;48.1584949366,-1.63554809717;;;;
56;2020-03-19;42;12;53;9;53;FRA;Bretagne;Morbihan;Tous;47.8441455862,-2.8088066223;12;1;3;2
35;2020-04-28;150;17;269;69;53;FRA;Bretagne;Ille-et-Vilaine;Tous;48.1584949366,-1.63554809717;6;0;3;9
22;2020-03-20;5;0;3;1;53;FRA;Bretagne;Côtes-d'Armor;Tous;48.4390612443,-2.86206319142;0;0;0;0
56;2020-03-22;30;3;17;5;53;FRA;Bretagne;Morbihan;Femme;47.8441455862,-2.8088066223;;;;
29;2020-03-25;19;6;7;4;53;FRA;Bretagne;Finistère;Homme;48.2628706879,-4.05692098846;;;;
22;2020-04-01;47;5;13;6;53;FRA;Bretagne;Côtes-d'Armor;Tous;48.4390612443,-2.86206319142;13;2;2;3
35;2020-04-01;72;21;37;6;53;FRA;Bretagne;Ille-et-Vilaine;Homme;48.1584949366,-1.63554809717;;;;
22;2020-04-02;27;5;9;4;53;FRA;Bretagne;Côtes-d'Armor;Femme;48.4390612443,-2.86206319142;;;;
35;2020-04-02;128;38;68;12;53;FRA;Bretagne;Ille-et-Vilaine;Tous;48.1584949366,-1.63554809717;20;5;2;7
29;2020-04-05;82;34;59;9;53;FRA;Bretagne;Finistère;Tous;48.2628706879,-4.05692098846;6;1;1;3
56;2020-04-07;53;3;65;22;53;FRA;Bretagne;Morbihan;Femme;47.8441455862,-2.8088066223;;;;
35;2020-04-11;172;38;135;39;53;FRA;Bretagne;Ille-et-Vilaine;Tous;48.1584949366,-1.63554809717;15;2;3;11
35;2020-04-15;87;12;65;19;53;FRA;Bretagne;Ille-et-Vilaine;Femme;48.1584949366,-1.63554809717;;;;
56;2020-04-17;71;24;123;44;53;FRA;Bretagne;Morbihan;Homme;47.8441455862,-2.8088066223;;;;
29;2020-04-19;101;26;105;30;53;FRA;Bretagne;Finistère;Tous;48.2628706879,-4.05692098846;2;0;0;2
22;2020-05-03;52;4;136;26;53;FRA;Bretagne;Côtes-d'Armor;Tous;48.4390612443,-2.86206319142;0;0;0;0
22;2020-05-04;24;2;69;16;53;FRA;Bretagne;Côtes-d'Armor;Homme;48.4390612443,-2.86206319142;;;;
22;2020-04-21;26;4;50;15;53;FRA;Bretagne;Côtes-d'Armor;Homme;48.4390612443,-2.86206319142;;;;
22;2020-04-22;28;4;50;15;53;FRA;Bretagne;Côtes-d'Armor;Homme;48.4390612443,-2.86206319142;;;;
22;2020-04-26;51;6;122;24;53;FRA;Bretagne;Côtes-d'Armor;Tous;48.4390612443,-2.86206319142;0;0;0;1
56;2020-04-20;70;21;129;46;53;FRA;Bretagne;Morbihan;Homme;47.8441455862,-2.8088066223;;;;
22;2020-04-21;31;2;51;9;53;FRA;Bretagne;Côtes-d'Armor;Femme;48.4390612443,-2.86206319142;;;;
29;2020-04-27;42;10;72;22;53;FRA;Bretagne;Finistère;Homme;48.2628706879,-4.05692098846;;;;
29;2020-05-04;57;12;134;38;53;FRA;Bretagne;Finistère;Tous;48.2628706879,-4.05692098846;0;0;1;0
29;2020-05-05;30;8;80;24;53;FRA;Bretagne;Finistère;Homme;48.2628706879,-4.05692098846;;;;
22;2020-03-19;2;1;1;0;53;FRA;Bretagne;Côtes-d'Armor;Homme;48.4390612443,-2.86206319142;;;;
29;2020-03-28;20;2;13;1;53;FRA;Bretagne;Finistère;Femme;48.2628706879,-4.05692098846;;;;
22;2020-03-30;14;3;4;3;53;FRA;Bretagne;Côtes-d'Armor;Homme;48.4390612443,-2.86206319142;;;;
22;2020-03-30;25;2;5;0;53;FRA;Bretagne;Côtes-d'Armor;Femme;48.4390612443,-2.86206319142;;;;
29;2020-03-30;54;12;29;6;53;FRA;Bretagne;Finistère;Tous;48.2628706879,-4.05692098846;8;4;1;1
35;2020-03-30;57;14;29;6;53;FRA;Bretagne;Ille-et-Vilaine;Homme;48.1584949366,-1.63554809717;;;;
29;2020-04-02;43;22;22;4;53;FRA;Bretagne;Finistère;Homme;48.2628706879,-4.05692098846;;;;
56;2020-04-02;138;30;95;35;53;FRA;Bretagne;Morbihan;Tous;47.8441455862,-2.8088066223;18;3;3;9
22;2020-04-03;34;12;9;5;53;FRA;Bretagne;Côtes-d'Armor;Homme;48.4390612443,-2.86206319142;;;;
35;2020-04-07;66;13;39;9;53;FRA;Bretagne;Ille-et-Vilaine;Femme;48.1584949366,-1.63554809717;;;;
29;2020-04-09;68;31;34;7;53;FRA;Bretagne;Finistère;Homme;48.2628706879,-4.05692098846;;;;
29;2020-04-11;73;31;44;8;53;FRA;Bretagne;Finistère;Homme;48.2628706879,-4.05692098846;;;;
35;2020-04-13;97;24;89;25;53;FRA;Bretagne;Ille-et-Vilaine;Homme;48.1584949366,-1.63554809717;;;;
29;2020-04-14;120;37;86;19;53;FRA;Bretagne;Finistère;Tous;48.2628706879,-4.05692098846;4;1;3;2
29;2020-04-15;115;34;89;20;53;FRA;Bretagne;Finistère;Tous;48.2628706879,-4.05692098846;1;1;1;3
22;2020-03-28;34;5;6;2;53;FRA;Bretagne;Côtes-d'Armor;Tous;48.4390612443,-2.86206319142;6;0;1;3
29;2020-03-30;23;2;16;2;53;FRA;Bretagne;Finistère;Femme;48.2628706879,-4.05692098846;;;;
35;2020-04-01;106;25;62;10;53;FRA;Bretagne;Ille-et-Vilaine;Tous;48.1584949366,-1.63554809717;18;7;1;3
56;2020-04-09;147;33;162;55;53;FRA;Bretagne;Morbihan;Tous;47.8441455862,-2.8088066223;6;1;0;13
22;2020-04-10;35;3;28;8;53;FRA;Bretagne;Côtes-d'Armor;Femme;48.4390612443,-2.86206319142;;;;
22;2020-04-12;34;3;33;9;53;FRA;Bretagne;Côtes-d'Armor;Femme;48.4390612443,-2.86206319142;;;;
56;2020-04-14;127;34;207;65;53;FRA;Bretagne;Morbihan;Tous;47.8441455862,-2.8088066223;8;2;5;7
56;2020-04-16;45;4;100;27;53;FRA;Bretagne;Morbihan;Femme;47.8441455862,-2.8088066223;;;;
35;2020-04-20;175;26;212;60;53;FRA;Bretagne;Ille-et-Vilaine;Tous;48.1584949366,-1.63554809717;3;1;1;2
35;2020-04-21;75;6;85;30;53;FRA;Bretagne;Ille-et-Vilaine;Femme;48.1584949366,-1.63554809717;;;;
56;2020-04-22;69;19;138;46;53;FRA;Bretagne;Morbihan;Homme;47.8441455862,-2.8088066223;;;;
56;2020-04-22;50;2;111;29;53;FRA;Bretagne;Morbihan;Femme;47.8441455862,-2.8088066223;;;;
22;2020-04-29;21;3;63;16;53;FRA;Bretagne;Côtes-d'Armor;Homme;48.4390612443,-2.86206319142;;;;
29;2020-04-30;35;9;76;23;53;FRA;Bretagne;Finistère;Homme;48.2628706879,-4.05692098846;;;;
22;2020-05-01;21;2;66;16;53;FRA;Bretagne;Côtes-d'Armor;Homme;48.4390612443,-2.86206319142;;;;
29;2020-05-01;59;14;133;37;53;FRA;Bretagne;Finistère;Tous;48.2628706879,-4.05692098846;0;0;0;5
22;2020-05-03;29;2;69;10;53;FRA;Bretagne;Côtes-d'Armor;Femme;48.4390612443,-2.86206319142;;;;
29;2020-05-05;57;11;135;38;53;FRA;Bretagne;Finistère;Tous;48.2628706879,-4.05692098846;1;1;0;1
35;2020-03-23;24;12;10;1;53;FRA;Bretagne;Ille-et-Vilaine;Homme;48.1584949366,-1.63554809717;;;;
29;2020-03-24;22;1;14;5;53;FRA;Bretagne;Finistère;Tous;48.2628706879,-4.05692098846;9;3;1;5
29;2020-03-28;48;11;25;5;53;FRA;Bretagne;Finistère;Tous;48.2628706879,-4.05692098846;15;10;0;2
22;2020-03-30;39;5;9;3;53;FRA;Bretagne;Côtes-d'Armor;Tous;48.4390612443,-2.86206319142;4;0;0;1
29;2020-03-30;31;10;13;4;53;FRA;Bretagne;Finistère;Homme;48.2628706879,-4.05692098846;;;;
35;2020-04-01;34;4;25;4;53;FRA;Bretagne;Ille-et-Vilaine;Femme;48.1584949366,-1.63554809717;;;;
29;2020-04-04;28;7;28;3;53;FRA;Bretagne;Finistère;Femme;48.2628706879,-4.05692098846;;;;
22;2020-04-08;31;10;23;7;53;FRA;Bretagne;Côtes-d'Armor;Homme;48.4390612443,-2.86206319142;;;;
29;2020-04-08;65;34;31;7;53;FRA;Bretagne;Finistère;Homme;48.2628706879,-4.05692098846;;;;
35;2020-04-08;88;32;72;18;53;FRA;Bretagne;Ille-et-Vilaine;Homme;48.1584949366,-1.63554809717;;;;
22;2020-04-11;69;12;59;18;53;FRA;Bretagne;Côtes-d'Armor;Tous;48.4390612443,-2.86206319142;4;1;1;6
22;2020-04-22;29;2;54;9;53;FRA;Bretagne;Côtes-d'Armor;Femme;48.4390612443,-2.86206319142;;;;
22;2020-04-30;21;2;65;16;53;FRA;Bretagne;Côtes-d'Armor;Homme;48.4390612443,-2.86206319142;;;;
35;2020-05-02;81;10;169;37;53;FRA;Bretagne;Ille-et-Vilaine;Homme;48.1584949366,-1.63554809717;;;;
29;2020-04-18;62;19;58;19;53;FRA;Bretagne;Finistère;Homme;48.2628706879,-4.05692098846;;;;
56;2020-04-19;47;4;106;27;53;FRA;Bretagne;Morbihan;Femme;47.8441455862,-2.8088066223;;;;
56;2020-05-05;56;3;134;32;53;FRA;Bretagne;Morbihan;Femme;47.8441455862,-2.8088066223;;;;
29;2020-03-18;5;1;1;0;53;FRA;Bretagne;Finistère;Femme;48.2628706879,-4.05692098846;;;;
22;2020-03-18;1;1;3;0;53;FRA;Bretagne;Côtes-d'Armor;Tous;48.4390612443,-2.86206319142;;;;
56;2020-03-19;16;3;31;4;53;FRA;Bretagne;Morbihan;Femme;47.8441455862,-2.8088066223;;;;
35;2020-03-20;4;2;10;0;53;FRA;Bretagne;Ille-et-Vilaine;Femme;48.1584949366,-1.63554809717;;;;
29;2020-03-23;22;1;9;4;53;FRA;Bretagne;Finistère;Tous;48.2628706879,-4.05692098846;7;2;2;0
29;2020-03-29;20;2;16;1;53;FRA;Bretagne;Finistère;Femme;48.2628706879,-4.05692098846;;;;
35;2020-03-31;61;18;35;6;53;FRA;Bretagne;Ille-et-Vilaine;Homme;48.1584949366,-1.63554809717;;;;
56;2020-03-31;45;4;42;12;53;FRA;Bretagne;Morbihan;Femme;47.8441455862,-2.8088066223;;;;
56;2020-04-01;133;32;86;32;53;FRA;Bretagne;Morbihan;Tous;47.8441455862,-2.8088066223;27;6;2;5
22;2020-04-02;59;16;16;9;53;FRA;Bretagne;Côtes-d'Armor;Tous;48.4390612443,-2.86206319142;16;9;3;3
29;2020-04-08;102;43;66;11;53;FRA;Bretagne;Finistère;Tous;48.2628706879,-4.05692098846;14;1;2;4
22;2020-04-10;70;11;54;17;53;FRA;Bretagne;Côtes-d'Armor;Tous;48.4390612443,-2.86206319142;11;0;1;5
22;2020-04-12;73;12;61;20;53;FRA;Bretagne;Côtes-d'Armor;Tous;48.4390612443,-2.86206319142;9;0;2;2
29;2020-04-13;45;8;37;6;53;FRA;Bretagne;Finistère;Femme;48.2628706879,-4.05692098846;;;;
35;2020-04-20;70;5;87;29;53;FRA;Bretagne;Ille-et-Vilaine;Femme;48.1584949366,-1.63554809717;;;;
29;2020-04-23;47;14;71;20;53;FRA;Bretagne;Finistère;Homme;48.2628706879,-4.05692098846;;;;
35;2020-04-25;91;13;151;35;53;FRA;Bretagne;Ille-et-Vilaine;Homme;48.1584949366,-1.63554809717;;;;
22;2020-04-26;29;2;60;9;53;FRA;Bretagne;Côtes-d'Armor;Femme;48.4390612443,-2.86206319142;;;;
22;2020-05-01;25;2;69;9;53;FRA;Bretagne;Côtes-d'Armor;Femme;48.4390612443,-2.86206319142;;;;
29;2020-05-02;27;5;54;14;53;FRA;Bretagne;Finistère;Femme;48.2628706879,-4.05692098846;;;;
35;2020-05-05;132;12;301;75;53;FRA;Bretagne;Ille-et-Vilaine;Tous;48.1584949366,-1.63554809717;1;0;0;5
35;2020-03-19;4;2;9;0;53;FRA;Bretagne;Ille-et-Vilaine;Femme;48.1584949366,-1.63554809717;;;;
29;2020-03-21;11;0;3;0;53;FRA;Bretagne;Finistère;Femme;48.2628706879,-4.05692098846;;;;
22;2020-04-23;54;6;114;24;53;FRA;Bretagne;Côtes-d'Armor;Tous;48.4390612443,-2.86206319142;6;0;0;10
35;2020-04-26;91;13;152;35;53;FRA;Bretagne;Ille-et-Vilaine;Homme;48.1584949366,-1.63554809717;;;;
22;2020-05-01;46;4;135;25;53;FRA;Bretagne;Côtes-d'Armor;Tous;48.4390612443,-2.86206319142;1;0;0;5
29;2020-05-01;27;5;54;14;53;FRA;Bretagne;Finistère;Femme;48.2628706879,-4.05692098846;;;;
56;2020-05-01;68;12;161;49;53;FRA;Bretagne;Morbihan;Homme;47.8441455862,-2.8088066223;;;;
56;2020-05-03;123;14;298;82;53;FRA;Bretagne;Morbihan;Tous;47.8441455862,-2.8088066223;3;0;1;3
35;2020-05-04;79;10;172;39;53;FRA;Bretagne;Ille-et-Vilaine;Homme;48.1584949366,-1.63554809717;;;;
29;2020-03-22;19;2;9;2;53;FRA;Bretagne;Finistère;Tous;48.2628706879,-4.05692098846;6;0;1;3
56;2020-03-27;61;18;32;15;53;FRA;Bretagne;Morbihan;Homme;47.8441455862,-2.8088066223;;;;
29;2020-03-28;28;9;12;4;53;FRA;Bretagne;Finistère;Homme;48.2628706879,-4.05692098846;;;;
35;2020-03-28;36;12;23;5;53;FRA;Bretagne;Ille-et-Vilaine;Homme;48.1584949366,-1.63554809717;;;;
22;2020-03-31;39;5;10;4;53;FRA;Bretagne;Côtes-d'Armor;Tous;48.4390612443,-2.86206319142;4;0;1;1
29;2020-04-01;33;15;20;4;53;FRA;Bretagne;Finistère;Homme;48.2628706879,-4.05692098846;;;;
22;2020-04-04;31;12;10;5;53;FRA;Bretagne;Côtes-d'Armor;Homme;48.4390612443,-2.86206319142;;;;
35;2020-04-05;53;9;31;7;53;FRA;Bretagne;Ille-et-Vilaine;Femme;48.1584949366,-1.63554809717;;;;
29;2020-04-07;94;42;62;9;53;FRA;Bretagne;Finistère;Tous;48.2628706879,-4.05692098846;2;1;0;3
29;2020-04-07;60;33;29;6;53;FRA;Bretagne;Finistère;Homme;48.2628706879,-4.05692098846;;;;
56;2020-04-09;91;30;87;32;53;FRA;Bretagne;Morbihan;Homme;47.8441455862,-2.8088066223;;;;
29;2020-04-10;110;40;78;12;53;FRA;Bretagne;Finistère;Tous;48.2628706879,-4.05692098846;10;1;1;9
29;2020-04-14;73;29;48;12;53;FRA;Bretagne;Finistère;Homme;48.2628706879,-4.05692098846;;;;
56;2020-04-19;118;25;234;73;53;FRA;Bretagne;Morbihan;Tous;47.8441455862,-2.8088066223;2;0;1;0
35;2020-03-22;6;2;10;0;53;FRA;Bretagne;Ille-et-Vilaine;Femme;48.1584949366,-1.63554809717;;;;
22;2020-03-23;9;1;3;1;53;FRA;Bretagne;Côtes-d'Armor;Tous;48.4390612443,-2.86206319142;2;0;0;0
22;2020-03-24;3;0;1;1;53;FRA;Bretagne;Côtes-d'Armor;Homme;48.4390612443,-2.86206319142;;;;
56;2020-03-26;60;17;26;13;53;FRA;Bretagne;Morbihan;Homme;47.8441455862,-2.8088066223;;;;
35;2020-03-30;34;3;24;1;53;FRA;Bretagne;Ille-et-Vilaine;Femme;48.1584949366,-1.63554809717;;;;
29;2020-04-01;56;17;41;7;53;FRA;Bretagne;Finistère;Tous;48.2628706879,-4.05692098846;13;6;0;4
56;2020-04-01;57;5;46;13;53;FRA;Bretagne;Morbihan;Femme;47.8441455862,-2.8088066223;;;;
22;2020-04-03;30;5;11;4;53;FRA;Bretagne;Côtes-d'Armor;Femme;48.4390612443,-2.86206319142;;;;
22;2020-04-04;31;5;15;5;53;FRA;Bretagne;Côtes-d'Armor;Femme;48.4390612443,-2.86206319142;;;;
29;2020-04-06;93;40;60;9;53;FRA;Bretagne;Finistère;Tous;48.2628706879,-4.05692098846;3;0;0;1
29;2020-04-06;36;9;30;3;53;FRA;Bretagne;Finistère;Femme;48.2628706879,-4.05692098846;;;;
35;2020-04-07;154;44;104;23;53;FRA;Bretagne;Ille-et-Vilaine;Tous;48.1584949366,-1.63554809717;19;1;3;18
35;2020-04-10;79;10;46;14;53;FRA;Bretagne;Ille-et-Vilaine;Femme;48.1584949366,-1.63554809717;;;;
56;2020-04-11;49;3;90;24;53;FRA;Bretagne;Morbihan;Femme;47.8441455862,-2.8088066223;;;;
22;2020-04-12;39;9;28;11;53;FRA;Bretagne;Côtes-d'Armor;Homme;48.4390612443,-2.86206319142;;;;
35;2020-04-12;84;10;55;15;53;FRA;Bretagne;Ille-et-Vilaine;Femme;48.1584949366,-1.63554809717;;;;
35;2020-04-13;86;11;55;15;53;FRA;Bretagne;Ille-et-Vilaine;Femme;48.1584949366,-1.63554809717;;;;
29;2020-04-24;47;13;71;20;53;FRA;Bretagne;Finistère;Homme;48.2628706879,-4.05692098846;;;;
22;2020-04-29;27;2;65;9;53;FRA;Bretagne;Côtes-d'Armor;Femme;48.4390612443,-2.86206319142;;;;
29;2020-04-30;64;14;128;37;53;FRA;Bretagne;Finistère;Tous;48.2628706879,-4.05692098846;0;0;0;0
22;2020-05-04;52;4;140;26;53;FRA;Bretagne;Côtes-d'Armor;Tous;48.4390612443,-2.86206319142;4;0;0;4
22;2020-05-05;24;2;70;16;53;FRA;Bretagne;Côtes-d'Armor;Homme;48.4390612443,-2.86206319142;;;;
22;2020-03-18;0;0;2;0;53;FRA;Bretagne;Côtes-d'Armor;Femme;48.4390612443,-2.86206319142;;;;
35;2020-03-19;12;6;6;0;53;FRA;Bretagne;Ille-et-Vilaine;Homme;48.1584949366,-1.63554809717;;;;
